nombre,localidad,actividades,vigencia_credencial,resolucion,telefono,email,fuente
Prestador de ejemplo 01,San Antonio de Arredondo,Caminatas,2026-12-01,000/00,54 9 351 000-0001,prestador01@ejemplo.com,Datos anonimizados de ejemplo para el repositorio (no son contactos reales)
Prestador de ejemplo 02,Las Varillas,Caminatas,2026-12-26,000/00,54 9 351 000-0002,prestador02@ejemplo.com,Datos anonimizados de ejemplo para el repositorio (no son contactos reales)
Prestador de ejemplo 03,Capital,"Trekking, Cicloturismo, Espeleoturismo, Escalada",2027-01-16,000/00,54 9 351 000-0003,prestador03@ejemplo.com,Datos anonimizados de ejemplo para el repositorio (no son contactos reales)
Prestador de ejemplo 04,Mina Clavero,Caminatas,2027-01-16,000/00,54 9 351 000-0004,prestador04@ejemplo.com,Datos anonimizados de ejemplo para el repositorio (no son contactos reales)
Prestador de ejemplo 05,Capital,"Caminatas, Cicloturismo, Astroturismo",2026-12-01,000/00,54 9 351 000-0005,prestador05@ejemplo.com,Datos anonimizados de ejemplo para el repositorio (no son contactos reales)
Prestador de ejemplo 06,Santa Rosa de Calamuchita,"Escalada, Trekking",2027-01-08,000/00,54 9 351 000-0006,prestador06@ejemplo.com,Datos anonimizados de ejemplo para el repositorio (no son contactos reales)
Prestador de ejemplo 07,Mendiolaza,Caminatas,2027-04-08,000/00,54 9 351 000-0007,prestador07@ejemplo.com,Datos anonimizados de ejemplo para el repositorio (no son contactos reales)
Prestador de ejemplo 08,Tanti,Trekking,2027-06-10,000/00,54 9 351 000-0008,prestador08@ejemplo.com,Datos anonimizados de ejemplo para el repositorio (no son contactos reales)
Prestador de ejemplo 09,Alta Gracia,Paracaidismo,2027-02-27,000/00,54 9 351 000-0009,prestador09@ejemplo.com,Datos anonimizados de ejemplo para el repositorio (no son contactos reales)
Prestador de ejemplo 10,Capital,"Caminatas, Escalada, Supervivencia, Astroturismo, Kayak/canotaje",2026-10-19,000/00,54 9 351 000-0010,prestador10@ejemplo.com,Datos anonimizados de ejemplo para el repositorio (no son contactos reales)
Prestador de ejemplo 11,La Cumbre,"Caminatas, Cicloturismo",2027-04-16,000/00,54 9 351 000-0011,prestador11@ejemplo.com,Datos anonimizados de ejemplo para el repositorio (no son contactos reales)
Prestador de ejemplo 12,Villa Carlos Paz,"Trekking, Escalada",2026-11-01,000/00,54 9 351 000-0012,prestador12@ejemplo.com,Datos anonimizados de ejemplo para el repositorio (no son contactos reales)
Prestador de ejemplo 13,La Falda,"Caminatas, Cicloturismo, Cabalgatas",2027-02-11,000/00,54 9 351 000-0013,prestador13@ejemplo.com,Datos anonimizados de ejemplo para el repositorio (no son contactos reales)
Prestador de ejemplo 14,Villa General Belgrano,Caminatas,2027-08-04,000/00,54 9 351 000-0014,prestador14@ejemplo.com,Datos anonimizados de ejemplo para el repositorio (no son contactos reales)
Prestador de ejemplo 15,Capital,Caminatas,2027-01-01,000/00,54 9 351 000-0015,prestador15@ejemplo.com,Datos anonimizados de ejemplo para el repositorio (no son contactos reales)
