nombre,destino,localidad,dificultad,dificultad_fuente,distancia_km,tipo_recorrido,duracion_horas,altura_msnm,desnivel_positivo_m,notas,fuente,como_llegar,distancia_desde_cordoba_km,requisitos,recomendaciones,fuente_acceso
Cerro Uritorco,Cerro Uritorco,Capilla del Monte,media,,11,ida y vuelta,7,1979,,"Ida y vuelta, con subida y bajada por el mismo sendero; la actividad completa lleva unas 7 h. Exige entrenamiento físico. Es el cerro más alto de las Sierras Chicas; desde la cumbre se ve el Dique El Cajón.",Altura: Córdoba Turismo. Duración y horarios: La Nación (Revista Lugares) y Cadena 3 (consultado 2026-10-02). Distancia: ejemplo sin verificar.,"Desde Córdoba por la RN 38 hasta Capilla del Monte. En colectivo: Sarmiento, Fono Bus, ERSA o Buses Lep desde la terminal de Córdoba. También llega el Tren de las Sierras (viaje de unas 5 h).",100,"Entrada paga. No es obligatorio ir con guía, pero sí inscribirse antes de subir. Horarios estrictos: salida entre las 8 y las 10; el descenso debe empezar a las 14:30 (15 h en verano) para estar en la base a las 18 h.",,"C5N, notas sobre Capilla del Monte y el Uritorco (consultado 2026-10-02). Las fuentes no coinciden en la distancia: entre 95 y 109 km. Administración del complejo: cerrouritorcoam.com.ar."
Cerro Champaquí,Cerro Champaquí,Villa Alpina,alta,,,solo ida,,2790,,"Ruta tradicional. Unos 18 km hasta la Base del Champaquí (6 a 7 h), donde hay refugios, y unos 5 km más de subida pronunciada hasta la cumbre. Ascenso con prestador habilitado e inscripción en los centros de control (zona de riesgo), según la fuente oficial.","https://cordobaturismo.gov.ar/experiencias/senderos-al-cerro-champaqui/ (Córdoba Turismo, ficha técnica vía API, consultada 2026-10-02)","Por la RP 5 hasta Villa General Belgrano y desde ahí unos 40 km por la RP 109; pasando Atos Pampa, en la bifurcación, tomar a la izquierda. Sin colectivo directo: hay micros hasta Villa General Belgrano, desde donde salen excursiones.",125,Guía o prestador habilitado e inscripción en los centros de control (zona de riesgo).,La travesía clásica se hace en 3 días con noches en refugio o carpa. Buen estado físico; algunos guías piden certificado de apto físico.,"Cadena 3, C5N, La Voz e InfoNegocios (consultado 2026-10-02). Las fuentes no coinciden en la distancia desde Villa General Belgrano (30 a 40 km) ni hasta la base (13 a 18 km)."
Los Gigantes,Los Gigantes,Tanti,alta,,14,ida y vuelta,7,2374,,EJEMPLO. Terreno de piedra. Pago en refugio. Centro de escalada en roca. Altura: la fuente oficial indica 2374 msnm en una sección y 2379 m en otra; se tomó 2374.,"altura y escalada: Córdoba Turismo, página Ecoturismo (consultada 2026-10-02); resto: ejemplo sin verificar",Desde Córdoba por la RN 20 y luego la RP 28.,79,,"Ropa de abrigo para cambios bruscos de temperatura; noches frías. Mochila cómoda, agua, comida y bastones. No todos los senderos están señalizados.",Argentina.travel (Ministerio de Turismo de la Nación) y Meteored (consultado 2026-10-02)
Quebrada del Condorito (Balcón Norte),Quebrada del Condorito (Balcón Norte),Pampa de Achala,media,,5,solo ida,,,,"Desde el estacionamiento hasta el Balcón Norte: 5 km de senda de dificultad media, unas 2 h de ida (unas 4 h ida y vuelta). No requiere guía. El Balcón Sur solo se visita con guía habilitado.",https://www.argentina.gob.ar/node/152727 (Parques Nacionales) (consultado 2026-10-02),"Por la RP 34 (Altas Cumbres) hasta el Paraje La Pampilla, km 59,5, en una curva muy cerrada. En colectivo, solo COATA y ERSA paran en La Pampilla (sacar boleto hasta esa parada).",90,Para ir sin guía al Balcón Norte o al Río de los Condoritos es obligatorio registrarse al ingresar. Ingresar antes de las 11 h en invierno y antes de las 15 h en verano.,La RP 34 suele cerrarse por hielo en invierno y por neblina densa en verano: consultar el estado de la ruta antes de salir.,https://www.argentina.gob.ar/node/152725 (Parques Nacionales) (consultado 2026-10-02). Los 90 km se miden desde el aeropuerto de Córdoba.
Cerro Pan de Azúcar,Cerro Pan de Azúcar,Cosquín,baja,,3,ida y vuelta,1.5,,,EJEMPLO. Existe aerosilla como alternativa.,ejemplo sin verificar,,,,,
Cerro Wank,Cerro Wank,La Cumbrecita,baja,,2,ida y vuelta,1,,,EJEMPLO. Pueblo peatonal.,ejemplo sin verificar,"En auto por la RP 5 hasta Villa General Belgrano y desde ahí unos 15 km de camino de montaña asfaltado. En colectivo, en dos tramos: Córdoba a Villa General Belgrano y de ahí un servicio local hasta La Cumbrecita.",118,Pueblo peatonal: los autos quedan en el estacionamiento comunal a la entrada.,"Llevar efectivo: en el pueblo no hay banco, cajero ni estación de servicio. En fines de semana largos puede haber filas para estacionar.",C5N y Canal 26 (consultado 2026-10-02). Las fuentes dan entre 118 y 122 km según la ruta.
Cascada de Olaen,Cascada de Olaen,Valle de Punilla,baja,,2.5,ida y vuelta,1,,,EJEMPLO. Apto familias.,ejemplo sin verificar,,,,,
Los Terrones,Los Terrones,Capilla del Monte,baja,,4,ida y vuelta,2,,,EJEMPLO. Circuito señalizado con entrada paga.,ejemplo sin verificar,,,,,
Cerro La Banderita,Cerro La Banderita,Villa Carlos Paz,media,,,ida y vuelta,3,,,EJEMPLO. distancia_km vacía a propósito para testear datos faltantes.,ejemplo sin verificar,,,,,
Cerro Colorado,Cerro Colorado,Cerro Colorado,baja,,3,ida y vuelta,2,,,EJEMPLO. Reserva natural de 3000 ha con pinturas rupestres; el Museo Arqueológico Provincial ofrece recorridos guiados.,"descripción de la reserva: Córdoba Turismo, página Ecoturismo (consultada 2026-10-02); resto: ejemplo sin verificar",,170,,,"Córdoba Turismo, página Ecoturismo (consultado 2026-10-02)"
Cerro Mogote (Los Gigantes),Los Gigantes,Tanti,alta,,12,ida y vuelta,6,,,EJEMPLO. Cumbre más alta de Los Gigantes.,ejemplo sin verificar,Desde Córdoba por la RN 20 y luego la RP 28.,79,,"Ropa de abrigo para cambios bruscos de temperatura; noches frías. Mochila cómoda, agua, comida y bastones. No todos los senderos están señalizados.",Argentina.travel (Ministerio de Turismo de la Nación) y Meteored (consultado 2026-10-02)
Cascada Escondida (vía Mirador El Peñal),Cascada Escondida (vía Mirador El Peñal),,media,,6,ida y vuelta,3,,,EJEMPLO. localidad vacía a propósito para testear datos faltantes.,ejemplo sin verificar,,,,,
Cascada Los Hornillos,Cascada Los Hornillos (Río Ceballos),Río Ceballos,baja,,4,ida y vuelta,2,,,EJEMPLO. Reserva La Quebrada. Homónimo de la cascada de Los Hornillos (Traslasierra).,ejemplo sin verificar,,,,,
Cascada Los Hornillos,Cascada Los Hornillos (Los Hornillos),Los Hornillos,media,,5,ida y vuelta,2.5,,,EJEMPLO. Traslasierra. Homónimo de la cascada de Río Ceballos.,ejemplo sin verificar,,,,,
Dique La Quebrada,Dique La Quebrada,Río Ceballos,baja,,5,ida y vuelta,2,,,EJEMPLO. Reserva Natural Parque La Quebrada; se permite pesca y deportes acuáticos.,"descripción de la reserva: Córdoba Turismo, página Ecoturismo (consultada 2026-10-02); resto: ejemplo sin verificar",,,,,
Cascada Los Chorrillos,Cascada Los Chorrillos,Tanti,media,,6,ida y vuelta,3,,,EJEMPLO. Reserva privada en Flor Serrana. Entrada paga.,ejemplo sin verificar,,,,,
Los Quebrachitos - sendero familiar,Los Quebrachitos - sendero familiar,Unquillo,baja,,2,ida y vuelta,1,,,EJEMPLO. Apto familias.,ejemplo sin verificar,,,,,
Los Quebrachitos - Chorritos del Cabana,Los Quebrachitos - Chorritos del Cabana,Unquillo,media,,4,ida y vuelta,2,,,EJEMPLO. Bordea el arroyo. Tramos con piedras.,ejemplo sin verificar,,,,,
Vaquerías - Cascada del Ángel,Vaquerías - Cascada del Ángel,Valle Hermoso,media,,3.2,ida y vuelta,1.5,,,EJEMPLO. Reserva de la UNC.,ejemplo sin verificar,,,,,
Vaquerías - Cascada de los Helechos,Vaquerías - Cascada de los Helechos,Valle Hermoso,baja,,2,ida y vuelta,1,,,EJEMPLO. Reserva de la UNC.,ejemplo sin verificar,,,,,
Vaquerías - Cerro La Cruz,Vaquerías - Cerro La Cruz,Valle Hermoso,media,,4,ida y vuelta,2,,,EJEMPLO. Nombre parecido a Cerro de la Cruz (otras localidades).,ejemplo sin verificar,,,,,
Sendero del Bosquecito Serrano,Sendero del Bosquecito Serrano,Cuesta Blanca,media,,4.2,ida y vuelta,2,,,EJEMPLO. Subida constante hasta una cruz.,ejemplo sin verificar,,,,,
Reserva Natural La Cascada,Reserva Natural La Cascada,Santa Rosa de Calamuchita,media,,1.7,ida y vuelta,1,,,EJEMPLO. No está claro si 1.7 km es ida o total: verificar.,ejemplo sin verificar,,,,,
Cerro Vía Crucis,Cerro Vía Crucis,Santa Rosa de Calamuchita,media,,3,ida y vuelta,1.5,,,EJEMPLO.,ejemplo sin verificar,,,,,
Desafío Aguarayba,Desafío Aguarayba,Santa Rosa de Calamuchita,media,,6,ida y vuelta,3,,,EJEMPLO. Faldeo de las Sierras Chicas.,ejemplo sin verificar,,,,,
Cascada Indio Bamba,Cascada Indio Bamba,Casa Bamba,baja,,4,ida y vuelta,2,,,EJEMPLO. También llamada Las Violetas. Acceso en Tren de las Sierras.,ejemplo sin verificar,,,,,
Cascada Los Linderos,Cascada Los Linderos,Villa Yacanto,media,,8,ida y vuelta,4,,,EJEMPLO.,ejemplo sin verificar,,,,,
Cerro Los Linderos,Cerro Los Linderos,Villa Yacanto,alta,,18,ida y vuelta,9,,,EJEMPLO. Recomendado con guía.,ejemplo sin verificar,,,,,
Cerro Negro,Cerro Negro,Villa Yacanto,alta,,16,ida y vuelta,,,,EJEMPLO. duracion_horas vacía a propósito para testear datos faltantes.,ejemplo sin verificar,,,,,
Cerro Champaquí (desde Villa Yacanto),Cerro Champaquí,Villa Yacanto,alta,,,solo ida,,2790,,"Vía Puesto Tres Árboles (unos 25 km en vehículo desde Yacanto): 12 km en unas 4 h hasta la Base, y unos 5 km más hasta la cumbre. Ascenso con prestador habilitado e inscripción en los centros de control (zona de riesgo), según la fuente oficial.","https://cordobaturismo.gov.ar/experiencias/senderos-al-cerro-champaqui/ (Córdoba Turismo, ficha técnica vía API, consultada 2026-10-02)",Hasta Villa Yacanto de Calamuchita por rutas provinciales. Alternativa corta: en vehículo hasta el Cerro Los Linderos y desde ahí menos de 1 h a pie hasta la cumbre.,123,Guía o prestador habilitado e inscripción en los centros de control (zona de riesgo).,"Aun en la ruta corta, llevar abrigo y buen calzado: los cambios de clima son bruscos.",C5N e InfoNegocios (consultado 2026-10-02)
Cerro Champaquí (desde San Javier),Cerro Champaquí,San Javier,alta,,,solo ida,,2790,,"Dos rutas: por Puesto Ferreyra (5 a 6 h de caminata) o por Cuesta de las Cabras, desde la Estancia La Constancia. Ascenso con prestador habilitado e inscripción en los centros de control (zona de riesgo), según la fuente oficial.","https://cordobaturismo.gov.ar/experiencias/senderos-al-cerro-champaqui/ (Córdoba Turismo, ficha técnica vía API, consultada 2026-10-02)",,,,,
Cerro Champaquí (desde Villa de las Rosas),Cerro Champaquí,Villa de las Rosas,alta,,24,ida y vuelta,12,2790,,"EJEMPLO. Ruta no confirmada por fuentes oficiales. Ascenso con prestador habilitado e inscripción en los centros de control (zona de riesgo), según la fuente oficial.",altura: Córdoba Turismo; resto: ejemplo sin verificar,,,,,
Sendero Reina Mora,Sendero Reina Mora,Villa de las Rosas,baja,,4,ida y vuelta,2,,,EJEMPLO. Bosque nativo.,ejemplo sin verificar,,,,,
Sendero El Picahueso,Sendero El Picahueso,Villa de las Rosas,media,,6,ida y vuelta,3,,,EJEMPLO.,ejemplo sin verificar,,,,,
Sendero Siete Colores,Sendero Siete Colores,Villa de las Rosas,media,,5,ida y vuelta,2.5,,,EJEMPLO.,ejemplo sin verificar,,,,,
Cerro de la Cruz,Cerro de la Cruz (Villa de las Rosas),Villa de las Rosas,media,,4,ida y vuelta,2,,,EJEMPLO. Homónimo del Cerro de la Cruz de Villa Carlos Paz.,ejemplo sin verificar,,,,,
Cerro de la Cruz,Cerro de la Cruz (Villa Carlos Paz),Villa Carlos Paz,media,,3,ida y vuelta,1.5,,,EJEMPLO. Homónimo del Cerro de la Cruz de Villa de las Rosas.,ejemplo sin verificar,,,,,
Cerro La Ventana,Cerro La Ventana,Los Hornillos,alta,,20,ida y vuelta,10,,,EJEMPLO. Más de 2.400 msnm. Recomendado con guía.,ejemplo sin verificar,,,,,
Sendero Sierras Embrujadas,Sendero Sierras Embrujadas,Las Rabonas,baja,,3,ida y vuelta,1.5,,,EJEMPLO.,ejemplo sin verificar,,,,,
Sendero Ojo de Agua,Sendero Ojo de Agua,Las Rabonas,baja,,3,ida y vuelta,1.5,,,EJEMPLO.,ejemplo sin verificar,,,,,
Cascada Esmeralda,Cascada Esmeralda,Nono,baja,,3,ida y vuelta,1.5,,,EJEMPLO.,ejemplo sin verificar,,,,,
Cerro Los Nonos,Cerro Los Nonos,Nono,media,,4,ida y vuelta,2,,,EJEMPLO.,ejemplo sin verificar,,,,,
Nido del Águila,Nido del Águila,Mina Clavero,baja,,2,ida y vuelta,1,,,EJEMPLO. Sendero junto al río.,ejemplo sin verificar,,,,,
Los Elefantes,Los Elefantes,Mina Clavero,baja,,3,ida y vuelta,1.5,,,EJEMPLO.,ejemplo sin verificar,,,,,
Pozo de Piedra,Pozo de Piedra,Mina Clavero,baja,,4,ida y vuelta,2,,,EJEMPLO.,ejemplo sin verificar,,,,,
Sendero Inti Huaco,Sendero Inti Huaco,Villa Dolores,baja,,9,ida y vuelta,2.5,,,EJEMPLO. Se ofrecen caminatas guiadas nocturnas.,ejemplo sin verificar,,,,,
Nacimiento del Río Mina Clavero,Nacimiento del Río Mina Clavero,Pampa de Achala,media,,6,ida y vuelta,3,,,EJEMPLO. Zona de altura. Clima cambiante.,ejemplo sin verificar,,,,,
Las Cuatro Cascadas,Las Cuatro Cascadas,Copina,media,,7,ida y vuelta,4,,,EJEMPLO. Varios saltos en un mismo circuito.,ejemplo sin verificar,,,,,
Cerro Pajarillo,Cerro Pajarillo,Capilla del Monte,media,,5,ida y vuelta,2.5,,,EJEMPLO.,ejemplo sin verificar,,,,,
Dique El Cajón,Dique El Cajón,Capilla del Monte,baja,,6,ida y vuelta,2,,,EJEMPLO.,ejemplo sin verificar,,,,,
Cerro Charalqueta (Colchiqui),Cerro Charalqueta (Colchiqui),Ongamira,media,,4,ida y vuelta,2.5,1575,,EJEMPLO. Mejor mirador del Valle de Ongamira; antiguo asentamiento de pueblos originarios. Nombre corregido según fuente oficial (antes figuraba como Cerro Colchequín).,"nombre, altura y descripción: Córdoba Turismo, página Ecoturismo (consultada 2026-10-02); resto: ejemplo sin verificar",,,,,
Grutas de Ongamira,Grutas de Ongamira,Ongamira,baja,,2,ida y vuelta,1,,,"EJEMPLO. Entrada paga. La fuente oficial las llama Cuevas de Ongamira, con senderos de baja dificultad.","dificultad baja: Córdoba Turismo, página Ecoturismo (consultada 2026-10-02); resto: ejemplo sin verificar",,,,,
Cristo Redentor,Cristo Redentor,La Cumbre,baja,,3,ida y vuelta,1.5,,,EJEMPLO. Mirador del valle.,ejemplo sin verificar,,,,,
Siete Cascadas,Siete Cascadas,La Falda,baja,,2,ida y vuelta,1,,,EJEMPLO. Complejo recreativo con entrada paga.,ejemplo sin verificar,,,,,
Cascada Grande,Cascada Grande,La Cumbrecita,baja,,2,ida y vuelta,1,,,EJEMPLO. Pueblo peatonal.,ejemplo sin verificar,"En auto por la RP 5 hasta Villa General Belgrano y desde ahí unos 15 km de camino de montaña asfaltado. En colectivo, en dos tramos: Córdoba a Villa General Belgrano y de ahí un servicio local hasta La Cumbrecita.",118,Pueblo peatonal: los autos quedan en el estacionamiento comunal a la entrada.,"Llevar efectivo: en el pueblo no hay banco, cajero ni estación de servicio. En fines de semana largos puede haber filas para estacionar.",C5N y Canal 26 (consultado 2026-10-02). Las fuentes dan entre 118 y 122 km según la ruta.
La Olla,La Olla,La Cumbrecita,baja,,1.5,ida y vuelta,0.5,,,EJEMPLO. Piletón natural.,ejemplo sin verificar,"En auto por la RP 5 hasta Villa General Belgrano y desde ahí unos 15 km de camino de montaña asfaltado. En colectivo, en dos tramos: Córdoba a Villa General Belgrano y de ahí un servicio local hasta La Cumbrecita.",118,Pueblo peatonal: los autos quedan en el estacionamiento comunal a la entrada.,"Llevar efectivo: en el pueblo no hay banco, cajero ni estación de servicio. En fines de semana largos puede haber filas para estacionar.",C5N y Canal 26 (consultado 2026-10-02). Las fuentes dan entre 118 y 122 km según la ruta.
Cascada de los Cóndores,Cascada de los Cóndores,La Cumbrecita,media,,9,ida y vuelta,4,,,EJEMPLO. Ida y vuelta.,ejemplo sin verificar,"En auto por la RP 5 hasta Villa General Belgrano y desde ahí unos 15 km de camino de montaña asfaltado. En colectivo, en dos tramos: Córdoba a Villa General Belgrano y de ahí un servicio local hasta La Cumbrecita.",118,Pueblo peatonal: los autos quedan en el estacionamiento comunal a la entrada.,"Llevar efectivo: en el pueblo no hay banco, cajero ni estación de servicio. En fines de semana largos puede haber filas para estacionar.",C5N y Canal 26 (consultado 2026-10-02). Las fuentes dan entre 118 y 122 km según la ruta.
Cascada Cinco Chorros,Cascada Cinco Chorros,La Cumbrecita,alta,,30,ida y vuelta,12,,,EJEMPLO. También se accede desde Paso de Garay.,ejemplo sin verificar,"En auto por la RP 5 hasta Villa General Belgrano y desde ahí unos 15 km de camino de montaña asfaltado. En colectivo, en dos tramos: Córdoba a Villa General Belgrano y de ahí un servicio local hasta La Cumbrecita.",118,Pueblo peatonal: los autos quedan en el estacionamiento comunal a la entrada.,"Llevar efectivo: en el pueblo no hay banco, cajero ni estación de servicio. En fines de semana largos puede haber filas para estacionar.",C5N y Canal 26 (consultado 2026-10-02). Las fuentes dan entre 118 y 122 km según la ruta.
Salto del Tigre,Salto del Tigre,Valle de Calamuchita,media,,7,ida y vuelta,3.5,,,EJEMPLO. En el límite con San Luis: caso límite de alcance.,ejemplo sin verificar,,,,,
Parque Provincial Chancaní,Parque Provincial Chancaní,Chancaní,baja,,5,ida y vuelta,2,,,EJEMPLO. Bosque chaqueño. Clima muy caluroso en verano. El recorrido de la Quebrada de la Mermela se une al Camino de los Túneles.,"descripción de la reserva: Córdoba Turismo, página Ecoturismo (consultada 2026-10-02); resto: ejemplo sin verificar",,265,,,"Córdoba Turismo, página Ecoturismo (consultado 2026-10-02)"
Sendero Paz y Bien,Sendero Paz y Bien,Las Rabonas,media,medio,8.3,circular,,958,172,Sale y vuelve a la oficina de turismo de Las Rabonas. Señalizado. Bordea la costa del embalse Medina Allende; en años lluviosos puede inundarse un tramo.,"https://cordobaturismo.gov.ar/experiencias/sendero-paz-y-bien-las-rabonas-cordoba/ (Córdoba Turismo, ficha técnica vía API, consultada 2026-10-02)",,,,,
Sendero Las Junturas,Sendero Las Junturas,Nono,baja,baja (texto); 21 HKG / 29 RNG (ficha),6.73,circular,,885.6,42.61,Sale y vuelve a la Plaza San Martín de Nono. Señalizado. Llega a la juntura de los ríos Chico y De los Sauces.,"https://cordobaturismo.gov.ar/experiencias/nono-sendero-las-junturas/ (Córdoba Turismo, ficha técnica vía API, consultada 2026-10-02)",,,,,
Sendero Reserva Hídrica,Sendero Reserva Hídrica,Villa Ciudad Parque,,,8,ida y vuelta,,802,0,Área protegida comunitaria. Recorre la costa del río hasta el mirador Las Bandurrias (4 km de ida). Cruce de río que crece con lluvias. Apto bicicleta.,"https://cordobaturismo.gov.ar/experiencias/sendero-reserva-hidrica-villa-ciudad-parque/ (Córdoba Turismo, ficha técnica vía API, consultada 2026-10-02)",,,,,
Sendero del Lago,Sendero del Lago,Potrero de Garay,,2 BYC,3.83,solo ida,,772.82,5.9,"A orillas del lago Los Molinos, del Puente San Pedro al Predio Gaucho. No señalizado.","https://cordobaturismo.gov.ar/experiencias/potrero-de-garay-sendero-del-lago/ (Córdoba Turismo, ficha técnica vía API, consultada 2026-10-02)",,,,,
Sendero de la Costa Margen Norte,Sendero de la Costa Margen Norte,La Cumbrecita,,8 HKG / 10 RNG,0.40,solo ida,,1381.8,9.64,Por la margen norte del río del Medio hasta los pozos. Señalizado. Apto familias.,"https://cordobaturismo.gov.ar/experiencias/la-cumbrecita-sendero-de-la-costa-margen-norte/ (Córdoba Turismo, ficha técnica vía API, consultada 2026-10-02)","En auto por la RP 5 hasta Villa General Belgrano y desde ahí unos 15 km de camino de montaña asfaltado. En colectivo, en dos tramos: Córdoba a Villa General Belgrano y de ahí un servicio local hasta La Cumbrecita.",118,Pueblo peatonal: los autos quedan en el estacionamiento comunal a la entrada.,"Llevar efectivo: en el pueblo no hay banco, cajero ni estación de servicio. En fines de semana largos puede haber filas para estacionar.",C5N y Canal 26 (consultado 2026-10-02). Las fuentes dan entre 118 y 122 km según la ruta.
Sendero de la Costa Margen Sur,Sendero de la Costa Margen Sur,La Cumbrecita,,8 HKG / 10 RNG,0.49,solo ida,,1366.15,8.28,Por la margen sur del río del Medio hasta el Pozo 3. Señalizado.,"https://cordobaturismo.gov.ar/experiencias/la-cumbrecita-sendero-de-la-costa-margen-sur/ (Córdoba Turismo, ficha técnica vía API, consultada 2026-10-02)","En auto por la RP 5 hasta Villa General Belgrano y desde ahí unos 15 km de camino de montaña asfaltado. En colectivo, en dos tramos: Córdoba a Villa General Belgrano y de ahí un servicio local hasta La Cumbrecita.",118,Pueblo peatonal: los autos quedan en el estacionamiento comunal a la entrada.,"Llevar efectivo: en el pueblo no hay banco, cajero ni estación de servicio. En fines de semana largos puede haber filas para estacionar.",C5N y Canal 26 (consultado 2026-10-02). Las fuentes dan entre 118 y 122 km según la ruta.
Sendero La Reserva,Sendero La Reserva,La Cumbrecita,,10 HKG / 16 RNG,0.88,solo ida,,1421.1,4.7,"Empedrado en descenso (63 m de desnivel negativo) con miradores, hasta la oficina de informes. Señalizado.","https://cordobaturismo.gov.ar/experiencias/la-cumbrecita-sendero-la-reserva/ (Córdoba Turismo, ficha técnica vía API, consultada 2026-10-02)","En auto por la RP 5 hasta Villa General Belgrano y desde ahí unos 15 km de camino de montaña asfaltado. En colectivo, en dos tramos: Córdoba a Villa General Belgrano y de ahí un servicio local hasta La Cumbrecita.",118,Pueblo peatonal: los autos quedan en el estacionamiento comunal a la entrada.,"Llevar efectivo: en el pueblo no hay banco, cajero ni estación de servicio. En fines de semana largos puede haber filas para estacionar.",C5N y Canal 26 (consultado 2026-10-02). Las fuentes dan entre 118 y 122 km según la ruta.
Sendero Arroyo de Las Mojarras,Sendero Arroyo de Las Mojarras,La Cumbrecita,,9 HKG / 13 RNG,2.37,solo ida,,1420.2,1.36,Del ingreso al pueblo hasta el arroyo (79 m de desnivel negativo). No señalizado.,"https://cordobaturismo.gov.ar/experiencias/la-cumbrecita-sendero-arroyo-de-las-mojarras/ (Córdoba Turismo, ficha técnica vía API, consultada 2026-10-02)","En auto por la RP 5 hasta Villa General Belgrano y desde ahí unos 15 km de camino de montaña asfaltado. En colectivo, en dos tramos: Córdoba a Villa General Belgrano y de ahí un servicio local hasta La Cumbrecita.",118,Pueblo peatonal: los autos quedan en el estacionamiento comunal a la entrada.,"Llevar efectivo: en el pueblo no hay banco, cajero ni estación de servicio. En fines de semana largos puede haber filas para estacionar.",C5N y Canal 26 (consultado 2026-10-02). Las fuentes dan entre 118 y 122 km según la ruta.
Sendero de los Lagos,Sendero de los Lagos,La Cumbrecita,,20 HKG / 35 RNG,2.38,solo ida,,1348.5,80.68,Desde el Refugio de Gambrinus (Parque Peñón del Águila) hasta el arroyo Áspero; se regresa por el mismo camino. Señalizado.,"https://cordobaturismo.gov.ar/experiencias/la-cumbrecita-sendero-de-los-lagos/ (Córdoba Turismo, ficha técnica vía API, consultada 2026-10-02)","En auto por la RP 5 hasta Villa General Belgrano y desde ahí unos 15 km de camino de montaña asfaltado. En colectivo, en dos tramos: Córdoba a Villa General Belgrano y de ahí un servicio local hasta La Cumbrecita.",118,Pueblo peatonal: los autos quedan en el estacionamiento comunal a la entrada.,"Llevar efectivo: en el pueblo no hay banco, cajero ni estación de servicio. En fines de semana largos puede haber filas para estacionar.",C5N y Canal 26 (consultado 2026-10-02). Las fuentes dan entre 118 y 122 km según la ruta.
Sendero La Cara del Indio,Sendero La Cara del Indio,Ámbul,baja,fácil,7,ida y vuelta,2.5,1191,129,"Desde la Plaza 24 de Diciembre, con varios cruces del arroyo Ámbul. Otra ficha oficial indica 2.84 km solo ida y 1175 msnm: datos en conflicto entre fichas.","https://cordobaturismo.gov.ar/experiencias/sendero-la-cara-del-indio/ (Córdoba Turismo, ficha técnica vía API, consultada 2026-10-02)",,,,,
Sendero Cuesta Vieja de Brochero,Sendero Cuesta Vieja de Brochero,Villa Cura Brochero,media,moderada,10,solo ida,3,1057,205,De la Plaza Centenario a Panaholma por el antiguo camino de Brochero. Pasa por terrenos privados sin señalización: se recomienda contratar un prestador habilitado.,"https://cordobaturismo.gov.ar/experiencias/sendero-cuesta-vieja-de-brochero-2/ (Córdoba Turismo, ficha técnica vía API, consultada 2026-10-02)",,,,,
Sendero Las Lomas,Sendero Las Lomas,Loma Bola,media,moderada,8.16,ida y vuelta,2.5,953,245,"Comuna de La Paz, Traslasierra. Monte nativo y vistas al valle.","https://cordobaturismo.gov.ar/experiencias/sendero-las-lomas/ (Córdoba Turismo, ficha técnica vía API, consultada 2026-10-02)",,,,,
Sendero Los Patos,Sendero Los Patos,Arroyo de los Patos,baja,fácil,5.37,ida y vuelta,2,884,51.7,Junto al río Los Sauces (Playas Doradas). Seguir el curso del río para no entrar a propiedades privadas.,"https://cordobaturismo.gov.ar/experiencias/sendero-los-patos-2/ (Córdoba Turismo, ficha técnica vía API, consultada 2026-10-02)",,,,,
Sendero del Mar al Río,Sendero del Mar al Río,Marull,baja,fácil,12,ida y vuelta,4,79,53.1,"Desde Playa Grande (a 15 km de Marull, Mar de Ansenuza) hasta la desembocadura del río Xanaes. Avistaje de flamencos.","https://cordobaturismo.gov.ar/experiencias/sendero-del-mar-al-rio/ (Córdoba Turismo, ficha técnica vía API, consultada 2026-10-02)",,,,,
Sendero Naguan Tica,Sendero Naguan Tica,Huerta Grande,baja,fácil,3,ida y vuelta,1.5,985,72.6,"Reserva natural con entrada paga. Según la ficha, abre solo en enero, febrero y marzo (puede haber cambiado).","https://cordobaturismo.gov.ar/experiencias/sendero-naguan-tica-2/ (Córdoba Turismo, ficha técnica vía API, consultada 2026-10-02)",,,,,
